<metadata xml:lang="en"><Esri><CreaDate>20120316</CreaDate><CreaTime>09052300</CreaTime><ArcGISFormat>1.0</ArcGISFormat><ArcGISstyle>North American Profile of ISO19115 2003</ArcGISstyle><SyncOnce>FALSE</SyncOnce><DataProperties><itemProps><itemName Sync="TRUE">ShastaCountySitusPoints</itemName><imsContentType Sync="TRUE">002</imsContentType><itemLocation><linkage Sync="TRUE">file://\\isnts72\gisroot\Organizations\Public\PublicRequest_20141201\ShastaCountySitusPoints.shp</linkage><protocol Sync="TRUE">Local Area Network</protocol></itemLocation><nativeExtBox><westBL Sync="TRUE">500201.006700</westBL><eastBL Sync="TRUE">640209.310600</eastBL><southBL Sync="TRUE">4466854.499400</southBL><northBL Sync="TRUE">4560428.492700</northBL><exTypeCode Sync="TRUE">1</exTypeCode></nativeExtBox><itemSize Sync="TRUE">0.000</itemSize></itemProps><coordRef><type Sync="TRUE">Projected</type><geogcsn Sync="TRUE">GCS_North_American_1983</geogcsn><projcsn Sync="TRUE">NAD_1983_UTM_Zone_10N</projcsn><peXml Sync="TRUE">&lt;ProjectedCoordinateSystem xsi:type='typens:ProjectedCoordinateSystem' xmlns:xsi='http://www.w3.org/2001/XMLSchema-instance' xmlns:xs='http://www.w3.org/2001/XMLSchema' xmlns:typens='http://www.esri.com/schemas/ArcGIS/10.1'&gt;&lt;WKT&gt;PROJCS[&amp;quot;NAD_1983_UTM_Zone_10N&amp;quot;,GEOGCS[&amp;quot;GCS_North_American_1983&amp;quot;,DATUM[&amp;quot;D_North_American_1983&amp;quot;,SPHEROID[&amp;quot;GRS_1980&amp;quot;,6378137.0,298.257222101]],PRIMEM[&amp;quot;Greenwich&amp;quot;,0.0],UNIT[&amp;quot;Degree&amp;quot;,0.0174532925199433]],PROJECTION[&amp;quot;Transverse_Mercator&amp;quot;],PARAMETER[&amp;quot;False_Easting&amp;quot;,500000.0],PARAMETER[&amp;quot;False_Northing&amp;quot;,0.0],PARAMETER[&amp;quot;Central_Meridian&amp;quot;,-123.0],PARAMETER[&amp;quot;Scale_Factor&amp;quot;,0.9996],PARAMETER[&amp;quot;Latitude_Of_Origin&amp;quot;,0.0],UNIT[&amp;quot;Meter&amp;quot;,1.0],AUTHORITY[&amp;quot;EPSG&amp;quot;,26910]]&lt;/WKT&gt;&lt;XOrigin&gt;-5120900&lt;/XOrigin&gt;&lt;YOrigin&gt;-9998100&lt;/YOrigin&gt;&lt;XYScale&gt;450445547.3910538&lt;/XYScale&gt;&lt;ZOrigin&gt;-100000&lt;/ZOrigin&gt;&lt;ZScale&gt;10000&lt;/ZScale&gt;&lt;MOrigin&gt;-100000&lt;/MOrigin&gt;&lt;MScale&gt;10000&lt;/MScale&gt;&lt;XYTolerance&gt;0.001&lt;/XYTolerance&gt;&lt;ZTolerance&gt;0.001&lt;/ZTolerance&gt;&lt;MTolerance&gt;0.001&lt;/MTolerance&gt;&lt;HighPrecision&gt;true&lt;/HighPrecision&gt;&lt;WKID&gt;26910&lt;/WKID&gt;&lt;LatestWKID&gt;26910&lt;/LatestWKID&gt;&lt;/ProjectedCoordinateSystem&gt;</peXml><csUnits Sync="TRUE">Linear Unit: Meter (1.000000)</csUnits></coordRef><lineage><Process ToolSource="C:\Program Files\ArcGIS\Desktop10.0\ArcToolbox\Toolboxes\Conversion Tools.tbx\FeatureClassToFeatureClass" Date="20120316" Time="090543" Name="" export="">FeatureClassToFeatureClass "Database Connections\Sandbox.sde\Sandbox.DBO.Situs_Temp\Sandbox.DBO.SitusPoints_Sandbox" "Database Connections\ShastaGeo_Edit.sde\ShastaGeo.DBO.Situs" SitusPoints # "APN "APN" true true false 12 Text 0 0 ,First,#,Database Connections\Sandbox.sde\Sandbox.DBO.Situs_Temp\Sandbox.DBO.SitusPoints_Sandbox,APN,-1,-1;Status "Status" true true false 5 Text 0 0 ,First,#,Database Connections\Sandbox.sde\Sandbox.DBO.Situs_Temp\Sandbox.DBO.SitusPoints_Sandbox,Status,-1,-1;Number "Number" true true false 20 Text 0 0 ,First,#,Database Connections\Sandbox.sde\Sandbox.DBO.Situs_Temp\Sandbox.DBO.SitusPoints_Sandbox,Number,-1,-1;Street_Prefix "Street_Prefix" true true false 25 Text 0 0 ,First,#,Database Connections\Sandbox.sde\Sandbox.DBO.Situs_Temp\Sandbox.DBO.SitusPoints_Sandbox,Street_Prefix,-1,-1;Street_Name "Street_Name" true true false 30 Text 0 0 ,First,#,Database Connections\Sandbox.sde\Sandbox.DBO.Situs_Temp\Sandbox.DBO.SitusPoints_Sandbox,Street_Name,-1,-1;Street_Type "Street_Type" true true false 20 Text 0 0 ,First,#,Database Connections\Sandbox.sde\Sandbox.DBO.Situs_Temp\Sandbox.DBO.SitusPoints_Sandbox,Street_Type,-1,-1;Street_Suffix "Street_Suffix" true true false 20 Text 0 0 ,First,#,Database Connections\Sandbox.sde\Sandbox.DBO.Situs_Temp\Sandbox.DBO.SitusPoints_Sandbox,Street_Suffix,-1,-1;Space_Apt "Space_Apt" true true false 10 Text 0 0 ,First,#,Database Connections\Sandbox.sde\Sandbox.DBO.Situs_Temp\Sandbox.DBO.SitusPoints_Sandbox,Space_Apt,-1,-1;Jurisdiction "Jurisdiction" true true false 25 Text 0 0 ,First,#,Database Connections\Sandbox.sde\Sandbox.DBO.Situs_Temp\Sandbox.DBO.SitusPoints_Sandbox,Jurisdiction,-1,-1;Community "Community" true true false 25 Text 0 0 ,First,#,Database Connections\Sandbox.sde\Sandbox.DBO.Situs_Temp\Sandbox.DBO.SitusPoints_Sandbox,Community,-1,-1;Active_Flag "Active_Flag" true true false 5 Text 0 0 ,First,#,Database Connections\Sandbox.sde\Sandbox.DBO.Situs_Temp\Sandbox.DBO.SitusPoints_Sandbox,Active_Flag,-1,-1;Verified_Flag "Verified_Flag" true true false 5 Text 0 0 ,First,#,Database Connections\Sandbox.sde\Sandbox.DBO.Situs_Temp\Sandbox.DBO.SitusPoints_Sandbox,Verified_Flag,-1,-1" #</Process><Process ToolSource="c:\program files\arcgis\desktop10.2\ArcToolbox\Toolboxes\Data Management Tools.tbx\CalculateField" Date="20141010" Time="111102" Name="" export="">CalculateField ShastaGeo.DBO.SitusPoints Active_Flag "Yes" VB #</Process><Process ToolSource="c:\program files (x86)\arcgis\desktop10.2\ArcToolbox\Toolboxes\Data Management Tools.tbx\DeleteFeatures" Date="20141125" Time="134218">DeleteFeatures ShastaGeo.DBO.SitusPoints</Process></lineage></DataProperties><SyncDate>20141201</SyncDate><SyncTime>17010200</SyncTime><ModDate>20141201</ModDate><ModTime>17010200</ModTime><scaleRange><minScale>150000000</minScale><maxScale>5000</maxScale></scaleRange><ArcGISProfile>ItemDescription</ArcGISProfile></Esri><dataIdInfo><envirDesc Sync="TRUE">Microsoft Windows 7 Version 6.1 (Build 7601) Service Pack 1; Esri ArcGIS 10.2.0.3348</envirDesc><dataLang><languageCode value="en" country="US"/><countryCode value="USA" Sync="TRUE"/></dataLang><idCitation><resTitle Sync="TRUE">ShastaCountySitusPoints</resTitle><presForm><PresFormCd value="005"/></presForm></idCitation><descKeys><thesaName uuidref="723f6998-058e-11dc-8314-0800200c9a66"/><keyword Sync="TRUE">002</keyword></descKeys><spatRpType><SpatRepTypCd value="001"/></spatRpType><dataExt><geoEle xmlns=""><GeoBndBox esriExtentType="search"><exTypeCode Sync="TRUE">1</exTypeCode><westBL Sync="TRUE">-122.997633</westBL><eastBL Sync="TRUE">-121.328254</eastBL><northBL Sync="TRUE">41.195218</northBL><southBL Sync="TRUE">40.340467</southBL></GeoBndBox></geoEle></dataExt><idPurp>Draft Shasta County Situs (physical) address point layer for general reference, geocoding and mapping.  This layer is not a legal document and should not be used as such.

20141124</idPurp><idAbs>&lt;DIV STYLE="text-align:Left;"&gt;&lt;DIV&gt;&lt;DIV&gt;&lt;P&gt;&lt;SPAN&gt;Draft Shasta County Situs (physical) address point layer for general reference, geocoding and mapping. This layer is not a legal document and should not be used as such.&lt;/SPAN&gt;&lt;/P&gt;&lt;P&gt;&lt;SPAN&gt;20141124&lt;/SPAN&gt;&lt;/P&gt;&lt;/DIV&gt;&lt;/DIV&gt;&lt;/DIV&gt;</idAbs><idCredit>Shasta County Resource Management Department

Contact Information:
  1855 Placer Street
  Redding, CA 96001
  Phone: (530) 225-5789
  Phone within Shasta County: (800) 528-2850

  Office Hours:
    8:00 am – 5:00 pm
    Monday through Friday

</idCredit><searchKeys><keyword>Situs</keyword><keyword>Situs Points</keyword><keyword>Shasta County</keyword><keyword>physical address</keyword></searchKeys><resConst><Consts><useLimit>&lt;DIV STYLE="text-align:Left;"&gt;&lt;DIV&gt;&lt;DIV&gt;&lt;P&gt;&lt;SPAN&gt;Use subject to Shasta County Standard GIS Disclaimer&lt;/SPAN&gt;&lt;/P&gt;&lt;/DIV&gt;&lt;/DIV&gt;&lt;/DIV&gt;</useLimit></Consts></resConst></dataIdInfo><mdLang><languageCode value="en"/><countryCode value="USA" Sync="TRUE"/></mdLang><distInfo><distFormat><formatName Sync="TRUE">Shapefile</formatName></distFormat><distTranOps><transSize Sync="TRUE">0.000</transSize></distTranOps></distInfo><mdHrLv><ScopeCd value="005"/></mdHrLv><mdHrLvName Sync="TRUE">dataset</mdHrLvName><refSysInfo><RefSystem><refSysID><identCode code="26910"/><idCodeSpace Sync="TRUE">EPSG</idCodeSpace><idVersion Sync="TRUE">8.1.1</idVersion></refSysID></RefSystem></refSysInfo><spdoinfo><ptvctinf><esriterm Name="ShastaCountySitusPoints"><efeatyp Sync="TRUE">Simple</efeatyp><efeageom code="1" Sync="TRUE"></efeageom><esritopo Sync="TRUE">FALSE</esritopo><efeacnt Sync="TRUE">0</efeacnt><spindex Sync="TRUE">FALSE</spindex><linrefer Sync="TRUE">FALSE</linrefer></esriterm></ptvctinf></spdoinfo><spatRepInfo><VectSpatRep><geometObjs Name="ShastaCountySitusPoints"><geoObjTyp><GeoObjTypCd value="004" Sync="TRUE"></GeoObjTypCd></geoObjTyp><geoObjCnt Sync="TRUE">0</geoObjCnt></geometObjs><topLvl><TopoLevCd value="001" Sync="TRUE"></TopoLevCd></topLvl></VectSpatRep></spatRepInfo><eainfo><detailed Name="ShastaCountySitusPoints"><enttyp><enttypl Sync="TRUE">ShastaCountySitusPoints</enttypl><enttypt Sync="TRUE">Feature Class</enttypt><enttypc Sync="TRUE">0</enttypc></enttyp><attr><attrlabl Sync="TRUE">FID</attrlabl><attalias Sync="TRUE">FID</attalias><attrtype Sync="TRUE">OID</attrtype><attwidth Sync="TRUE">4</attwidth><atprecis Sync="TRUE">0</atprecis><attscale Sync="TRUE">0</attscale><attrdef Sync="TRUE">Internal feature number.</attrdef><attrdefs Sync="TRUE">Esri</attrdefs><attrdomv><udom Sync="TRUE">Sequential unique whole numbers that are automatically generated.</udom></attrdomv></attr><attr><attrlabl Sync="TRUE">APN</attrlabl><attalias Sync="TRUE">APN</attalias><attrtype Sync="TRUE">String</attrtype><attwidth Sync="TRUE">12</attwidth><atprecis Sync="TRUE">0</atprecis><attscale Sync="TRUE">0</attscale></attr><attr><attrlabl Sync="TRUE">Status</attrlabl><attalias Sync="TRUE">Status</attalias><attrtype Sync="TRUE">String</attrtype><attwidth Sync="TRUE">5</attwidth><atprecis Sync="TRUE">0</atprecis><attscale Sync="TRUE">0</attscale></attr><attr><attrlabl Sync="TRUE">Number</attrlabl><attalias Sync="TRUE">Number</attalias><attrtype Sync="TRUE">String</attrtype><attwidth Sync="TRUE">20</attwidth><atprecis Sync="TRUE">0</atprecis><attscale Sync="TRUE">0</attscale></attr><attr><attrlabl Sync="TRUE">Space_Apt</attrlabl><attalias Sync="TRUE">Space_Apt</attalias><attrtype Sync="TRUE">String</attrtype><attwidth Sync="TRUE">10</attwidth><atprecis Sync="TRUE">0</atprecis><attscale Sync="TRUE">0</attscale></attr><attr><attrlabl Sync="TRUE">Street_Pre</attrlabl><attalias Sync="TRUE">Street_Pre</attalias><attrtype Sync="TRUE">String</attrtype><attwidth Sync="TRUE">25</attwidth><atprecis Sync="TRUE">0</atprecis><attscale Sync="TRUE">0</attscale></attr><attr><attrlabl Sync="TRUE">Street_Nam</attrlabl><attalias Sync="TRUE">Street_Nam</attalias><attrtype Sync="TRUE">String</attrtype><attwidth Sync="TRUE">30</attwidth><atprecis Sync="TRUE">0</atprecis><attscale Sync="TRUE">0</attscale></attr><attr><attrlabl Sync="TRUE">Street_Typ</attrlabl><attalias Sync="TRUE">Street_Typ</attalias><attrtype Sync="TRUE">String</attrtype><attwidth Sync="TRUE">20</attwidth><atprecis Sync="TRUE">0</atprecis><attscale Sync="TRUE">0</attscale></attr><attr><attrlabl Sync="TRUE">Street_Suf</attrlabl><attalias Sync="TRUE">Street_Suf</attalias><attrtype Sync="TRUE">String</attrtype><attwidth Sync="TRUE">20</attwidth><atprecis Sync="TRUE">0</atprecis><attscale Sync="TRUE">0</attscale></attr><attr><attrlabl Sync="TRUE">Community</attrlabl><attalias Sync="TRUE">Community</attalias><attrtype Sync="TRUE">String</attrtype><attwidth Sync="TRUE">25</attwidth><atprecis Sync="TRUE">0</atprecis><attscale Sync="TRUE">0</attscale></attr><attr><attrlabl Sync="TRUE">Jurisdicti</attrlabl><attalias Sync="TRUE">Jurisdicti</attalias><attrtype Sync="TRUE">String</attrtype><attwidth Sync="TRUE">25</attwidth><atprecis Sync="TRUE">0</atprecis><attscale Sync="TRUE">0</attscale></attr><attr><attrlabl Sync="TRUE">Shape</attrlabl><attalias Sync="TRUE">Shape</attalias><attrtype Sync="TRUE">Geometry</attrtype><attwidth Sync="TRUE">0</attwidth><atprecis Sync="TRUE">0</atprecis><attscale Sync="TRUE">0</attscale><attrdef Sync="TRUE">Feature geometry.</attrdef><attrdefs Sync="TRUE">ESRI</attrdefs><attrdomv><udom Sync="TRUE">Coordinates defining the features.</udom></attrdomv></attr></detailed></eainfo><mdDateSt Sync="TRUE">20141201</mdDateSt></metadata>
